{"cameraMode":{"drawMode":0,"name":"Shaded","section":"Shading Mode"},"sceneLighting":false,"audioPlay":false,"sceneViewState":{"showFog":false,"showMaterialUpdate":false,"showSkybox":false,"showFlares":false,"showImageEffects":false,"showParticleSystems":false},"in2DMode":false,"pivot":{"x":-0.04221081733703613,"y":0.20042285323143006,"z":0.06846284866333008},"rotation":{"x":0.2999172508716583,"y":0.6720240712165833,"z":-0.3452836871147156,"w":0.5827540159225464},"size":6.673393249511719,"orthographic":false}