{"cameraMode":{"drawMode":0,"name":"Shaded","section":"Shading Mode"},"sceneLighting":false,"audioPlay":false,"sceneViewState":{"showFog":false,"showMaterialUpdate":false,"showSkybox":false,"showFlares":false,"showImageEffects":false,"showParticleSystems":false},"in2DMode":false,"pivot":{"x":-1.770000696182251,"y":0.9340000152587891,"z":1.179999828338623},"rotation":{"x":-0.408486545085907,"y":0.34542497992515566,"z":-0.1706044226884842,"w":-0.827888011932373},"size":19.54049301147461,"orthographic":false}