{"cameraMode":{"drawMode":0,"name":"Shaded","section":"Shading Mode"},"sceneLighting":false,"audioPlay":false,"sceneViewState":{"showFog":false,"showMaterialUpdate":false,"showSkybox":false,"showFlares":false,"showImageEffects":false,"showParticleSystems":false},"in2DMode":false,"pivot":{"x":33.56999969482422,"y":1.0632987022399903,"z":37.62999725341797},"rotation":{"x":0.2153887152671814,"y":-0.6619084477424622,"z":0.2073698192834854,"w":0.6874426603317261},"size":14.620634078979493,"orthographic":false}