{"cameraMode":{"drawMode":0,"name":"Shaded","section":"Shading Mode"},"sceneLighting":false,"audioPlay":false,"sceneViewState":{"showFog":false,"showMaterialUpdate":false,"showSkybox":false,"showFlares":false,"showImageEffects":false,"showParticleSystems":false},"in2DMode":false,"pivot":{"x":-0.16960054636001588,"y":0.3943760395050049,"z":0.2563135623931885},"rotation":{"x":0.2114626169204712,"y":0.7824620604515076,"z":-0.3529076874256134,"w":0.46784746646881106},"size":4.692995548248291,"orthographic":false}