{"cameraMode":{"drawMode":0,"name":"Shaded","section":"Shading Mode"},"sceneLighting":false,"audioPlay":false,"sceneViewState":{"showFog":false,"showMaterialUpdate":false,"showSkybox":false,"showFlares":false,"showImageEffects":false,"showParticleSystems":false},"in2DMode":false,"pivot":{"x":0.15024936199188233,"y":1.2507609128952027,"z":-0.1598367691040039},"rotation":{"x":0.11470513790845871,"y":-0.590086042881012,"z":0.08530782908201218,"w":0.7948093414306641},"size":7.953622817993164,"orthographic":false}