{"cameraMode":{"drawMode":0,"name":"Shaded","section":"Shading Mode"},"sceneLighting":false,"audioPlay":false,"sceneViewState":{"showFog":false,"showMaterialUpdate":false,"showSkybox":false,"showFlares":false,"showImageEffects":false,"showParticleSystems":false},"in2DMode":false,"pivot":{"x":0.0,"y":0.3132500648498535,"z":0.41050004959106448},"rotation":{"x":-0.4166645109653473,"y":0.032045286148786548,"z":-0.01490574050694704,"w":-0.9087287187576294},"size":40.249942779541019,"orthographic":false}