{"cameraMode":{"drawMode":0,"name":"Shaded","section":"Shading Mode"},"sceneLighting":false,"audioPlay":false,"sceneViewState":{"showFog":false,"showMaterialUpdate":false,"showSkybox":false,"showFlares":false,"showImageEffects":false,"showParticleSystems":false},"in2DMode":false,"pivot":{"x":0.00000476837158203125,"y":0.4638107419013977,"z":0.00000762939453125},"rotation":{"x":0.07752012461423874,"y":-0.8403063416481018,"z":0.5220865607261658,"w":0.12505675852298737},"size":43.43278884887695,"orthographic":false}