{"cameraMode":{"drawMode":0,"name":"Shaded","section":"Shading Mode"},"sceneLighting":false,"audioPlay":false,"sceneViewState":{"showFog":false,"showMaterialUpdate":false,"showSkybox":false,"showFlares":false,"showImageEffects":false,"showParticleSystems":false},"in2DMode":false,"pivot":{"x":4.436006546020508,"y":1.3700000047683716,"z":154.93450927734376},"rotation":{"x":0.5100568532943726,"y":-0.29052722454071047,"z":0.18883255124092103,"w":0.78774094581604},"size":25.105653762817384,"orthographic":false}