{"cameraMode":{"drawMode":0,"name":"Shaded","section":"Shading Mode"},"sceneLighting":false,"audioPlay":false,"sceneViewState":{"showFog":false,"showMaterialUpdate":false,"showSkybox":false,"showFlares":false,"showImageEffects":false,"showParticleSystems":false},"in2DMode":false,"pivot":{"x":0.8464903831481934,"y":0.007455110549926758,"z":-0.2593514919281006},"rotation":{"x":0.10861432552337647,"y":-0.8886088728904724,"z":0.2758328318595886,"w":0.35049396753311159},"size":10.624879837036133,"orthographic":false}