{"cameraMode":{"drawMode":0,"name":"Shaded","section":"Shading Mode"},"sceneLighting":false,"audioPlay":false,"sceneViewState":{"showFog":false,"showMaterialUpdate":false,"showSkybox":false,"showFlares":false,"showImageEffects":false,"showParticleSystems":false},"in2DMode":false,"pivot":{"x":217.6849822998047,"y":11.587647438049317,"z":172.76490783691407},"rotation":{"x":-0.17357608675956727,"y":0.6866253018379211,"z":-0.1742601841688156,"w":-0.6846585273742676},"size":1.746110439300537,"orthographic":false}