{"cameraMode":{"drawMode":0,"name":"Shaded","section":"Shading Mode"},"sceneLighting":false,"audioPlay":false,"sceneViewState":{"showFog":false,"showMaterialUpdate":false,"showSkybox":false,"showFlares":false,"showImageEffects":false,"showParticleSystems":false},"in2DMode":false,"pivot":{"x":0.10500049591064453,"y":13.610000610351563,"z":0.06418704986572266},"rotation":{"x":-0.10088034719228745,"y":-0.8729024529457092,"z":0.20330707728862763,"w":-0.43227675557136538},"size":121.88021087646485,"orthographic":false}