{"cameraMode":{"drawMode":0,"name":"Shaded","section":"Shading Mode"},"sceneLighting":false,"audioPlay":false,"sceneViewState":{"showFog":false,"showMaterialUpdate":false,"showSkybox":false,"showFlares":false,"showImageEffects":false,"showParticleSystems":false},"in2DMode":false,"pivot":{"x":55.964569091796878,"y":9.9981689453125,"z":139.20384216308595},"rotation":{"x":-0.41468510031700137,"y":0.48059844970703127,"z":-0.27625930309295657,"w":-0.7220960259437561},"size":0.8573667407035828,"orthographic":false}