{"cameraMode":{"drawMode":0,"name":"Shaded","section":"Shading Mode"},"sceneLighting":false,"audioPlay":false,"sceneViewState":{"showFog":false,"showMaterialUpdate":false,"showSkybox":false,"showFlares":false,"showImageEffects":false,"showParticleSystems":false},"in2DMode":false,"pivot":{"x":67.10314178466797,"y":12.0,"z":143.73028564453126},"rotation":{"x":-0.41468510031700137,"y":0.48059844970703127,"z":-0.27625930309295657,"w":-0.7220960259437561},"size":7.450628280639648,"orthographic":false}