{"cameraMode":{"drawMode":0,"name":"Shaded","section":"Shading Mode"},"sceneLighting":false,"audioPlay":false,"sceneViewState":{"showFog":false,"showMaterialUpdate":false,"showSkybox":false,"showFlares":false,"showImageEffects":false,"showParticleSystems":false},"in2DMode":false,"pivot":{"x":-0.22354340553283692,"y":1.5717380046844483,"z":-13.799967765808106},"rotation":{"x":0.3405318260192871,"y":0.12221173197031021,"z":-0.04407021403312683,"w":0.9314733147621155},"size":9.198323249816895,"orthographic":false}