{"cameraMode":{"drawMode":0,"name":"Shaded","section":"Shading Mode"},"sceneLighting":false,"audioPlay":false,"sceneViewState":{"showFog":false,"showMaterialUpdate":false,"showSkybox":false,"showFlares":false,"showImageEffects":false,"showParticleSystems":false},"in2DMode":false,"pivot":{"x":3.615036725997925,"y":1.5163438320159913,"z":155.3336181640625},"rotation":{"x":-0.12915284931659699,"y":-0.8568123579025269,"z":0.25666555762290957,"w":-0.42905598878860476},"size":0.20207452774047852,"orthographic":false}