{"cameraMode":{"drawMode":0,"name":"Shaded","section":"Shading Mode"},"sceneLighting":false,"audioPlay":false,"sceneViewState":{"showFog":false,"showMaterialUpdate":false,"showSkybox":false,"showFlares":false,"showImageEffects":false,"showParticleSystems":false},"in2DMode":false,"pivot":{"x":0.4286230802536011,"y":0.5588943958282471,"z":-0.03741560876369476},"rotation":{"x":0.11470513790845871,"y":-0.590086042881012,"z":0.08530782908201218,"w":0.7948093414306641},"size":2.818610429763794,"orthographic":false}