{"cameraMode":{"drawMode":0,"name":"Shaded","section":"Shading Mode"},"sceneLighting":false,"audioPlay":false,"sceneViewState":{"showFog":false,"showMaterialUpdate":false,"showSkybox":false,"showFlares":false,"showImageEffects":false,"showParticleSystems":false},"in2DMode":false,"pivot":{"x":0.0000019073486328125,"y":0.16353508830070496,"z":0.0000019073486328125},"rotation":{"x":0.007383961230516434,"y":-0.9151445627212524,"z":0.4031131863594055,"w":0.017123905941843988},"size":70.00567626953125,"orthographic":false}