{"cameraMode":{"drawMode":0,"name":"Shaded","section":"Shading Mode"},"sceneLighting":false,"audioPlay":false,"sceneViewState":{"showFog":false,"showMaterialUpdate":false,"showSkybox":false,"showFlares":false,"showImageEffects":false,"showParticleSystems":false},"in2DMode":false,"pivot":{"x":696.5264892578125,"y":153.4414520263672,"z":989.1837768554688},"rotation":{"x":-0.26508620381355288,"y":0.35193851590156557,"z":-0.10469529032707215,"w":-0.891954779624939},"size":14.289420127868653,"orthographic":false}