{"cameraMode":{"drawMode":0,"name":"Shaded","section":"Shading Mode"},"sceneLighting":false,"audioPlay":false,"sceneViewState":{"showFog":false,"showMaterialUpdate":false,"showSkybox":false,"showFlares":false,"showImageEffects":false,"showParticleSystems":false},"in2DMode":false,"pivot":{"x":11.371135711669922,"y":2.0869064331054689,"z":-7.1424150466918949},"rotation":{"x":0.5135756731033325,"y":-0.021810969337821008,"z":0.013704207725822926,"w":0.8579379916191101},"size":9.107336044311524,"orthographic":false}