{"cameraMode":{"drawMode":0,"name":"Shaded","section":"Shading Mode"},"sceneLighting":false,"audioPlay":false,"sceneViewState":{"showFog":false,"showMaterialUpdate":false,"showSkybox":false,"showFlares":false,"showImageEffects":false,"showParticleSystems":false},"in2DMode":false,"pivot":{"x":0.0000019073486328125,"y":0.2645135521888733,"z":-9.5367431640625e-7},"rotation":{"x":-0.10088034719228745,"y":-0.8729024529457092,"z":0.20330707728862763,"w":-0.43227675557136538},"size":57.1213493347168,"orthographic":false}