{"cameraMode":{"drawMode":0,"name":"Shaded","section":"Shading Mode"},"sceneLighting":false,"audioPlay":false,"sceneViewState":{"showFog":false,"showMaterialUpdate":false,"showSkybox":false,"showFlares":false,"showImageEffects":false,"showParticleSystems":false},"in2DMode":false,"pivot":{"x":4.271806716918945,"y":1.4109001159667969,"z":155.64599609375},"rotation":{"x":-0.408486545085907,"y":0.34542497992515566,"z":-0.1706044226884842,"w":-0.827888011932373},"size":40.10586929321289,"orthographic":false}