{"cameraMode":{"drawMode":0,"name":"Shaded","section":"Shading Mode"},"sceneLighting":false,"audioPlay":false,"sceneViewState":{"showFog":false,"showMaterialUpdate":false,"showSkybox":false,"showFlares":false,"showImageEffects":false,"showParticleSystems":false},"in2DMode":false,"pivot":{"x":523.7124633789063,"y":1.6928958892822266,"z":72.61245727539063},"rotation":{"x":0.08655307441949845,"y":-0.9071338176727295,"z":0.3420891761779785,"w":0.22952944040298463},"size":156.27955627441407,"orthographic":false}