{"cameraMode":{"drawMode":0,"name":"Shaded","section":"Shading Mode"},"sceneLighting":false,"audioPlay":false,"sceneViewState":{"showFog":false,"showMaterialUpdate":false,"showSkybox":false,"showFlares":false,"showImageEffects":false,"showParticleSystems":false},"in2DMode":false,"pivot":{"x":-0.28285980224609377,"y":-0.0023310184478759767,"z":-0.20624351501464845},"rotation":{"x":0.5213848352432251,"y":0.06127846986055374,"z":-0.03722688555717468,"w":0.8505223989486694},"size":50.2161750793457,"orthographic":false}