{"cameraMode":{"drawMode":0,"name":"Shaded","section":"Shading Mode"},"sceneLighting":false,"audioPlay":false,"sceneViewState":{"showFog":false,"showMaterialUpdate":false,"showSkybox":false,"showFlares":false,"showImageEffects":false,"showParticleSystems":false},"in2DMode":false,"pivot":{"x":35.931251525878909,"y":0.16928958892822267,"z":19.5},"rotation":{"x":0.157476544380188,"y":-0.8386772871017456,"z":0.32203546166419985,"w":0.4101307690143585},"size":13.694721221923829,"orthographic":false}