{"cameraMode":{"drawMode":0,"name":"Shaded","section":"Shading Mode"},"sceneLighting":false,"audioPlay":false,"sceneViewState":{"showFog":false,"showMaterialUpdate":false,"showSkybox":false,"showFlares":false,"showImageEffects":false,"showParticleSystems":false},"in2DMode":false,"pivot":{"x":-0.00000858306884765625,"y":0.4638107419013977,"z":-0.00000286102294921875},"rotation":{"x":-0.08033308386802674,"y":-0.9155458807945252,"z":0.2277945727109909,"w":-0.32212507724761965},"size":12.404735565185547,"orthographic":false}