{"cameraMode":{"drawMode":0,"name":"Shaded","section":"Shading Mode"},"sceneLighting":false,"audioPlay":false,"sceneViewState":{"showFog":false,"showMaterialUpdate":false,"showSkybox":false,"showFlares":false,"showImageEffects":false,"showParticleSystems":false},"in2DMode":false,"pivot":{"x":4.670147895812988,"y":-3.428525447845459,"z":163.50851440429688},"rotation":{"x":0.27181994915008547,"y":-0.5492948293685913,"z":0.19504059851169587,"w":0.7658670544624329},"size":45.64887619018555,"orthographic":false}