{"cameraMode":{"drawMode":0,"name":"Shaded","section":"Shading Mode"},"sceneLighting":false,"audioPlay":false,"sceneViewState":{"showFog":false,"showMaterialUpdate":false,"showSkybox":false,"showFlares":false,"showImageEffects":false,"showParticleSystems":false},"in2DMode":false,"pivot":{"x":61.55384063720703,"y":13.279999732971192,"z":139.8520965576172},"rotation":{"x":0.0841929242014885,"y":-0.8817064762115479,"z":0.1733192503452301,"w":0.43157491087913515},"size":0.8573666214942932,"orthographic":false}