{"cameraMode":{"drawMode":0,"name":"Shaded","section":"Shading Mode"},"sceneLighting":false,"audioPlay":false,"sceneViewState":{"showFog":false,"showMaterialUpdate":false,"showSkybox":false,"showFlares":false,"showImageEffects":false,"showParticleSystems":false},"in2DMode":false,"pivot":{"x":0.00000667572021484375,"y":5.33723258972168,"z":-0.0000019073486328125},"rotation":{"x":0.11489258706569672,"y":-0.877677857875824,"z":0.2623124420642853,"w":0.384443998336792},"size":180.63832092285157,"orthographic":false}