{"cameraMode":{"drawMode":0,"name":"Shaded","section":"Shading Mode"},"sceneLighting":false,"audioPlay":false,"sceneViewState":{"showFog":false,"showMaterialUpdate":false,"showSkybox":false,"showFlares":false,"showImageEffects":false,"showParticleSystems":false},"in2DMode":false,"pivot":{"x":44.27546691894531,"y":-15.873003005981446,"z":87.52498626708985},"rotation":{"x":0.08911502361297608,"y":-0.9105134010314941,"z":0.2776917517185211,"w":0.2944488227367401},"size":81.60091400146485,"orthographic":false}