{"cameraMode":{"drawMode":0,"name":"Shaded","section":"Shading Mode"},"sceneLighting":false,"audioPlay":false,"sceneViewState":{"showFog":false,"showMaterialUpdate":false,"showSkybox":false,"showFlares":false,"showImageEffects":false,"showParticleSystems":false},"in2DMode":false,"pivot":{"x":-0.029427528381347657,"y":5.843800067901611,"z":0.000009298324584960938},"rotation":{"x":-0.049320828169584277,"y":-0.9369004964828491,"z":0.314010351896286,"w":-0.14668677747249604},"size":29.26822853088379,"orthographic":false}