{"cameraMode":{"drawMode":0,"name":"Shaded","section":"Shading Mode"},"sceneLighting":true,"audioPlay":false,"sceneViewState":{"showFog":true,"showMaterialUpdate":false,"showSkybox":true,"showFlares":true,"showImageEffects":true,"showParticleSystems":true},"in2DMode":false,"pivot":{"x":9.690984725952149,"y":1.5153961181640626,"z":164.83456420898438},"rotation":{"x":-0.4350103437900543,"y":0.27104127407073977,"z":-0.13915254175662995,"w":-0.8473129868507385},"size":11.373819351196289,"orthographic":false}